{"cameraMode":{"drawMode":0,"name":"Shaded","section":"Shading Mode"},"sceneLighting":true,"audioPlay":false,"sceneViewState":{"m_AlwaysRefresh":false,"showFog":true,"showSkybox":true,"showFlares":true,"showImageEffects":true,"showParticleSystems":true,"showVisualEffectGraphs":true,"m_FxEnabled":true},"in2DMode":false,"pivot":{"x":36.17521286010742,"y":4.625432014465332,"z":2.777886390686035},"rotation":{"x":0.21804919838905335,"y":0.09183140844106674,"z":-0.020609410479664804,"w":0.9714022874832153},"size":8.405062675476075,"orthographic":false}